{"frames":{"8.png":{"frame":{"x":1,"y":1,"w":100,"h":101},"rotated":false,"trimmed":false,"spriteSourceSize":{"x":0,"y":0,"w":100,"h":101},"sourceSize":{"w":100,"h":101}},"3.png":{"frame":{"x":104,"y":1,"w":100,"h":100},"rotated":false,"trimmed":false,"spriteSourceSize":{"x":0,"y":0,"w":100,"h":100},"sourceSize":{"w":100,"h":100}},"0.png":{"frame":{"x":1,"y":105,"w":100,"h":100},"rotated":false,"trimmed":false,"spriteSourceSize":{"x":0,"y":0,"w":100,"h":100},"sourceSize":{"w":100,"h":100}},"7.png":{"frame":{"x":104,"y":105,"w":100,"h":100},"rotated":false,"trimmed":false,"spriteSourceSize":{"x":0,"y":0,"w":100,"h":100},"sourceSize":{"w":100,"h":100}},"6.png":{"frame":{"x":207,"y":1,"w":100,"h":100},"rotated":false,"trimmed":false,"spriteSourceSize":{"x":0,"y":0,"w":100,"h":100},"sourceSize":{"w":100,"h":100}},"5.png":{"frame":{"x":207,"y":104,"w":100,"h":100},"rotated":false,"trimmed":false,"spriteSourceSize":{"x":0,"y":0,"w":100,"h":100},"sourceSize":{"w":100,"h":100}},"2.png":{"frame":{"x":310,"y":1,"w":100,"h":100},"rotated":false,"trimmed":false,"spriteSourceSize":{"x":0,"y":0,"w":100,"h":100},"sourceSize":{"w":100,"h":100}},"1.png":{"frame":{"x":310,"y":104,"w":100,"h":100},"rotated":false,"trimmed":false,"spriteSourceSize":{"x":0,"y":0,"w":100,"h":100},"sourceSize":{"w":100,"h":100}},"4.png":{"frame":{"x":1,"y":208,"w":100,"h":100},"rotated":false,"trimmed":false,"spriteSourceSize":{"x":0,"y":0,"w":100,"h":100},"sourceSize":{"w":100,"h":100}},"9.png":{"frame":{"x":104,"y":208,"w":100,"h":100},"rotated":false,"trimmed":false,"spriteSourceSize":{"x":0,"y":0,"w":100,"h":100},"sourceSize":{"w":100,"h":100}},"13.png":{"frame":{"x":207,"y":208,"w":97,"h":97},"rotated":false,"trimmed":false,"spriteSourceSize":{"x":0,"y":0,"w":97,"h":97},"sourceSize":{"w":97,"h":97}},"12.png":{"frame":{"x":307,"y":208,"w":97,"h":97},"rotated":false,"trimmed":false,"spriteSourceSize":{"x":0,"y":0,"w":97,"h":97},"sourceSize":{"w":97,"h":97}},"11.png":{"frame":{"x":1,"y":311,"w":97,"h":97},"rotated":false,"trimmed":false,"spriteSourceSize":{"x":0,"y":0,"w":97,"h":97},"sourceSize":{"w":97,"h":97}},"10.png":{"frame":{"x":101,"y":311,"w":88,"h":88},"rotated":false,"trimmed":false,"spriteSourceSize":{"x":0,"y":0,"w":88,"h":88},"sourceSize":{"w":88,"h":88}}},"meta":{"app":"QCEngine","version":"1.0","image":"fall","format":"RGBA8888","size":{"w":512,"h":512},"scale":"1"}}
